text,label,notes
City's high press against Real wasn't working because Valverde was dropping into the half-space and bypassing the press trigger — Rodri had to cover too much ground which is why you saw so many gaps in the 6-8 channel in the second half.,analysis,
Mbappé's xG last season was 28.4 but he scored 22 — his conversion rate has been below average two seasons running. People acting surprised by the drought aren't paying attention.,analysis,
The reason Arsenal keep dropping points late is structural not mental. They play a high line with a high press and after 70 minutes the press intensity drops but the defensive line doesn't adjust — so the gap between midfield and defense grows and teams exploit it on the counter.,analysis,
Liverpool's gegenpressing only works when their fullbacks are disciplined about recovery runs. When Alexander-Arnold drifts into midfield and the press fails the space in behind is enormous — that's what happened for the second goal.,analysis,
Rodri's absence changes City's build-up entirely. Without him they lose the pivot who can receive under pressure and play out — Kovačić is a good player but he's a box-to-box midfielder not a deep playmaker. Their build-up becomes more direct which is why their shot volume has dropped.,analysis,
The offside law change has materially reduced the number of high defensive lines in elite football. Teams that used to push to halfway now sit 5-10 meters deeper because the margin for error with semi-automated offside is much tighter. Possession-based teams benefit most from this.,analysis,
Haaland scores most of his goals from inside the six-yard box — his xG profile is almost entirely composed of high-value close-range efforts. When teams deny him those positions his output drops dramatically. City's system is designed to manufacture exactly those chances through wide overloads and cutbacks.,analysis,
PSG's problem isn't talent — it's that they don't have a midfield identity. They oscillate between trying to play positional football and relying on individual quality and they're not fully committed to either. Teams that press them hard in midfield consistently create chances because there's no clear ball-carrier in that phase.,analysis,
The reason Spain won the World Cup is that their pressing is organized around specific triggers — back pass to keeper or a goalkeeper's touch — not just constant chasing. Every player knows when to press and when to hold shape which is why they recover the ball so quickly.,analysis,
Bellingham's positioning is elite. He makes runs that time perfectly with Real Madrid's switches of play — he's reading where the ball will be 3-4 seconds before it arrives. That's not athleticism that's spatial intelligence which is very rare.,analysis,
De Bruyne's injury impact on City is quantifiable — their expected goals per 90 drops by about 0.4 when he doesn't play. No other player on any team produces that kind of differential. He's not just good he's structurally irreplaceable in their system.,analysis,
The back-three lets you have attacking fullbacks without sacrificing defensive width. The center-back on the ball-side steps out to press while the other two hold the shape. It's why so many top teams have moved to it — you get the positional advantages of a four without the exposure when fullbacks get high.,analysis,
Salah's output at 32 is historically unusual. Most wide forwards peak at 26-28 and decline sharply after 30 — his ability to maintain elite numbers through positional adjustment (he's less of a dribbler now more of a runner in behind) shows rare adaptability.,analysis,
The reason the Premier League's bottom half keeps getting better is the foreign ownership money filtering down. Wolves Brentford Brighton all operate transfer models that would have been top-half strategies a decade ago. The floor of the league is genuinely rising.,analysis,
Xavi's Barcelona failed not because of his ideas but because he couldn't solve the transition problem. His team dominated possession but when they lost the ball they were slow to recover shape — against teams with fast forwards this was catastrophic and he never adjusted.,analysis,
Klopp's pressing model at Liverpool depended on specific physical profiles — players who could maintain sprint intensity for 90 minutes across 50+ games. The genius of his recruitment was finding those players cheaply. The limitation is that style has a shelf life because the players physically decline.,analysis,
The false nine works best against teams that defend with a high and narrow block because there's no center-back to mark the striker — they either push a midfielder into that role leaving gaps in midfield or leave the false nine free to receive and turn. Barcelona's dominance from 2009-2012 was built on teams having no answer to this.,analysis,
Set pieces account for roughly 30% of goals in elite football now and the teams investing in dead ball coaching are seeing clear returns — Liverpool Atletico and England all show statistically elevated performance from set pieces relative to their open-play output.,analysis,
Trent's defensive weaknesses are real but they're architecturally compensated for. Liverpool's defensive structure doesn't require him to defend 1v1 — they funnel attacks away from his side and he's positioned to cut off passing lanes not win duels. It's a system solution not an individual one.,analysis,
Saka is the most consistent performer in the Premier League over the last three seasons by combined offensive output metrics. His progressive carries assists and key passes are all top five in the league and he maintains it without rest — Arteta plays him almost every minute.,analysis,
Ancelotti is one of the best managers in the world at reading in-game momentum and making substitutions that change dynamics rather than just swapping like for like. His record in knockout games specifically is extraordinary — he understands pressure moments better than almost anyone.,analysis,
The reason Germany has struggled since 2014 is the system they built that won the World Cup became a template every team studied and countered. Their width-based positional play with inverted wingers was cutting edge in 2014 but by 2018 teams were pressing the half-spaces and they had no answer.,analysis,
Low block defending against possession teams requires extremely disciplined compactness in the vertical axis — your two lines of four have to move together or the spaces between them become exploitable. The teams that do this best Atletico Napoli under Conte have incredible collective discipline.,analysis,
Ajax's collapse after the 2019 run was predictable — they lost De Ligt and Van de Beek and Ziyech in successive windows. The model that produced that team requires reinvesting the sale proceeds into the next generation but they made poor signings and the pipeline dried up.,analysis,
The penalty box presence problem for England has existed since the 90s. They produce excellent wide players and midfielders but rarely clinical central strikers. Kane is the exception — and even he drops deep constantly which reduces his pure box presence.,analysis,
Inter's defensive structure under Inzaghi is the most sophisticated in Serie A. They defend with a 5-3-2 that compresses both vertically and horizontally — the two forwards press high while the three midfielders sit on the edge of the box and the back five hold a tight line. Teams rarely get clean looks from inside the box.,analysis,
The reason counterattacking football produces more results in European knockouts than domestic leagues is sample size and rest. In a two-legged tie teams can afford to sacrifice one game tactically. Domestic leagues punish passive setups with dropped points from weaker opposition.,analysis,
Guardiola's biggest tactical innovation was making center-backs carry the ball into midfield. By stepping out of the back line they create numerical superiority in midfield and force the press to either follow and leave space or hold and concede the progression. It transformed how the position is recruited.,analysis,
The data consistently shows that teams with high pressing intensity have a higher variance of outcomes — they have more big wins and more big losses than teams that defend compactly. High press is a high-risk style that requires the whole squad to execute consistently which is why it's so rare to sustain over a full season.,analysis,
Brazil's problems in major tournaments since 2014 are structural — they produce attacking talent at scale but their defensive organization and midfield balance have been inconsistent across cycles. The 2022 squad was top-heavy and tactically underprepared for a knockout tournament setting.,analysis,
Mbappe's movement off the ball at Real Madrid is different from PSG — he's learned to use the width to stretch the defense before cutting in rather than starting wide and drifting. That adjustment has made him harder to track and his goal threat from central zones has increased.,analysis,
The transition from 4-4-2 to 4-2-3-1 across European football happened because teams needed protection against the ball — the double pivot screens the back four more effectively than two central midfielders and one withdrawn forward. It became standard because it solved a structural weakness.,analysis,
Foden's best position is genuinely contested — he's most effective as a false nine or a high-left 8 but City often use him wider where his impact is slightly diluted. His finishing and movement in tight spaces are elite but he needs specific positioning in the final third to produce.,analysis,
The reason Atalanta under Gasperini produces so many European upsets is their man-marking system disrupts the positional habits of teams that are used to playing against zonal blocks. Players receive in their usual spots but there's a man there — it forces improvisation and most teams aren't prepared for it.,analysis,
Ferran Torres never became what Barcelona paid for and you can see why in the underlying data — his progressive carry numbers are mediocre for a wide forward and he doesn't create shots for others. His goals come from being in the right place not from creating danger himself.,analysis,
Nunez's xG numbers are excellent — he gets into the right positions constantly. His issue is technical finishing under pressure not positioning or movement. That's actually the harder thing to fix because you can coach movement but pure execution under pressure is more innate.,analysis,
Messi is done. He's been coasting on reputation for two years and everyone's too scared to say it.,hot_take,
Premier League football is genuinely more entertaining to watch than La Liga and it's not close. The pace the intensity — there's no comparison.,hot_take,
Ronaldo would have won 8 Ballon d'Ors if he'd been at a different club. The media has always favored Messi.,hot_take,
Klopp leaving Liverpool is the best thing that could have happened to them. They needed a reset and he'd squeezed everything out of that squad.,hot_take,
Neymar was better than both Messi and Ronaldo at his peak. I will die on this hill.,hot_take,
VAR has completely destroyed the atmosphere of football. I'd rather have wrong decisions than this robotic interruption every five minutes.,hot_take,
The Premier League is overrated. The top four are world class the rest are Championship level.,hot_take,
Haaland wouldn't score 30 goals a season at any club outside of City. The system does everything for him.,hot_take,
Southgate should have been sacked after the 2021 Euros final. Everything after that has just been delaying the inevitable.,hot_take,
African football is more technically gifted than South American football at youth level and in 10 years we'll see that reflected in World Cup results.,hot_take,
Tuchel is tactically overrated. He wins with squads that would win under most good managers.,hot_take,
The Invincibles season was the most impressive achievement in Premier League history and nothing else is close.,hot_take,
Benzema at his peak was better than Lewandowski at his peak and people only disagree because Benzema played in a different system.,hot_take,
Serie A is a defensive league because Italian coaches are scared of attacking football. The culture actively discourages risk.,hot_take,
Managers matter far less than people think. Give any top coach a bottom-half squad and watch what happens.,hot_take,
MLS is growing faster than anyone expected and will be a genuinely top-10 global league within 15 years.,hot_take,
Bale was wasted at Real Madrid. In a team built around him he would have been considered all-time great level.,hot_take,
Casemiro's decline has exposed how much he was doing for United's midfield. The squad was bad but he was papering over a lot of it.,hot_take,
England will never win another major tournament until they stop picking players based on reputation and start picking on form.,hot_take,
Lamine Yamal is going to be the best player in the world before he turns 21. The ceiling is genuinely limitless.,hot_take,
The Champions League has been worse since they expanded the group stage. More games fewer meaningful ones.,hot_take,
German football lost its identity when Bundesliga clubs started chasing foreign TV money. The press-based fast football that made them dominant is dying.,hot_take,
Musiala is already better than most players who've won the Ballon d'Or. The award just hasn't caught up yet.,hot_take,
Atletico Madrid's style of play is an insult to football. I don't care how effective it is watching them is genuinely painful.,hot_take,
Pep Guardiola is the greatest manager of all time and the debate is essentially closed. No one else is even close when you factor in longevity and trophies across multiple leagues.,hot_take,
The Europa League is a meaningless tournament. No one outside the clubs involved cares about it.,hot_take,
Ronaldo's Portugal career is overrated. He had good individual performances but Portugal never played well because of him.,hot_take,
De Bruyne is the best player the Premier League has ever seen. Not Cantona not Henry not Thierry — De Bruyne.,hot_take,
Football Twitter has made it impossible to have a nuanced opinion about any player. You're either a fanboy or a hater.,hot_take,
Fabregas should have stayed at Arsenal. He would have been a legend there instead of winning trophies he didn't really contribute to.,hot_take,
The World Cup every four years format is outdated. Players' careers are too short and too unpredictable to only have one shot every four years.,hot_take,
Virgil Van Dijk is the best defender of the last 10 years. Not Ramos not Chiellini not Koulibaly — Van Dijk.,hot_take,
Club football matters more than international football. The quality gap has grown so much that international tournaments feel like preseason compared to the Champions League.,hot_take,
Defensive football is not real football. If you park the bus you don't deserve to win regardless of the result.,hot_take,
Richarlison is a fraud. He scores in big games and disappears for months at a time. England deserve better.,hot_take,
The Ballon d'Or is a popularity contest and always has been. Correct decisions are the exception not the rule.,hot_take,
Leeds under Bielsa played the most exciting football England has seen in 20 years. Pure attacking intensity every week.,hot_take,
Kante is the most important signing Chelsea ever made and they never replaced him properly. That's why they're still struggling.,hot_take,
Youth academies are overrated for developing global stars. The best players come from street football and small club environments not structured academies.,hot_take,
WHAT A GOAL. I don't even support Arsenal but that was absolutely filthy.,reaction,
Can't believe we just dropped two points to a ten-man side. Absolutely gutted. Season feels over.,reaction,
That red card was the most ridiculous decision I've seen all season. Completely changed the game.,reaction,
Screaming at my TV right now. HOW IS THAT NOT A PENALTY.,reaction,
I can't watch. Someone tell me when it's over.,reaction,
Just turned this game off. Not worth the stress.,reaction,
That last-minute winner just made me cry. Football is actually unreal.,reaction,
My heart is still pounding. That was the most intense 90 minutes I've sat through in years.,reaction,
We were absolutely robbed today. That goal was clearly offside. VAR is a joke.,reaction,
Congratulations to City. Genuinely incredible performance. As a United fan that was painful to watch but they deserved every bit of it.,reaction,
I can't believe Mbappe missed that. He had the whole goal to aim at.,reaction,
What is happening. We're up 3-0 at half time against Barcelona. I've been supporting this club for 20 years and I've never felt this.,reaction,
Just got home from the stadium. My voice is completely gone. Worth every second.,reaction,
Referee needs to be banned. That was the worst officiated game I've seen in years.,reaction,
I'm physically shaking. What a match. What a team.,reaction,
They've done it. THEY'VE ACTUALLY DONE IT. Champions of England for the first time in my lifetime.,reaction,
Turn this off. I'm not watching another minute of this embarrassment.,reaction,
That save was absolutely superhuman. I don't know how he got his hand to that.,reaction,
We went to extra time AGAIN. My nerves are completely shattered.,reaction,
Crying in the car park after that final whistle. Years of hurt finally gone.,reaction,
That comeback was the greatest thing I have ever witnessed in a football stadium.,reaction,
Three at the back and we're already 2-0 down in 20 minutes. Brilliant tactics mate.,reaction,
He's really going to score against us isn't he. Former player goals are a curse and they always will be.,reaction,
My dad is 73 and he started crying at the final whistle. I've never seen him cry at football before. This is what this club means.,reaction,
Absolutely bottle it again. Same story every single season. I'm done.,reaction,
I love this stupid game so much. A 94th minute winner against our rivals. Nothing compares to this.,reaction,
The stadium is shaking. I can feel it through my phone screen watching the stream.,reaction,
Get in. GET IN. That's what I'm talking about. Three points we absolutely needed.,reaction,
The VAR check took four minutes and they still got it wrong. Phenomenal.,reaction,
I drove three hours to watch that. Three hours there three hours back for a 0-0. Never again.,reaction,
First game I've been to since the pandemic. Forgot how loud it gets. Incredible atmosphere.,reaction,
We've been eliminated on away goals again. This club will be the death of me.,reaction,
Just seen the lineup. We're playing a 4-5-1 away to bottom of the table. What is this manager thinking.,reaction,
The keeper literally walked it into his own net. I'm not processing this correctly.,reaction,
Half time 0-3. I'm actually laughing. This is beyond football now.,reaction,
That goal just broke the record for fastest in Champions League history and I watched it live. Incredible.,reaction,
Cannot stop watching the replay of that finish. Filthy. Absolutely filthy.,reaction,
I genuinely thought we were going out. Then he scores that. Football is a miracle.,reaction,
Worst performance of the season by a mile. Zero effort zero intensity. Embarrassing.,reaction,
End of season and we're three points off relegation. This time last year we were in Europe. How.,reaction,
That tackle was an absolute scandal. The player is being stretchered off and the referee gives a yellow. Disgraceful.,reaction,
Full time whistle just went and the stadium is going absolutely mental. Title confirmed. Unbelievable scenes.,reaction,
Just woke up and checked the score. 6-1. I thought I was dreaming.,reaction,
I've been following this club since I was 8 years old. Today meant everything.,reaction,
They actually did it. Europa League winners. Small club? Think again.,reaction,
Left at 80 minutes to beat the traffic when it was 1-0. They scored twice in added time. Never again.,reaction,
The whole pub erupted when that went in. Strangers hugging strangers. This is why football matters.,reaction,
I'm numb. Can't feel anything. That result is catastrophic for our season.,reaction,
Rashford has zero goals in his last 12 starts. Sell him.,hot_take,difficult — single stat + verdict; decided hot_take because the stat supports a pre-formed conclusion not an argument
Watching Pulisic this season it's obvious Chelsea made a massive mistake selling him.,hot_take,
Griezmann is criminally underrated by the English media. If he'd played in the Premier League he'd be discussed as a legend.,hot_take,
The Premier League winter break is nowhere near long enough. Players are completely exhausted by February every year.,hot_take,
Erling Haaland is already a better striker than Thierry Henry and people aren't ready to admit it.,hot_take,
Toni Kroos was the most complete midfielder of his generation and the world only noticed when he retired.,hot_take,
Saka has been Arsenal's best player for three seasons running and he still gets left out of Ballon d'Or conversations.,hot_take,
The Women's game will overtake Men's football in global viewership within 20 years and it's not a controversial prediction.,hot_take,
Spurs will never win a league title while Daniel Levy is chairman. He is fundamentally incapable of making the decisions required to compete.,hot_take,
The best thing that could happen to Newcastle is staying just outside the top four for another season. Building slowly is the right way.,hot_take,
Jadon Sancho at Dortmund was genuinely one of the most exciting wide players in Europe. What happened to him at United is one of the most depressing things in recent football.,hot_take,
Messi playing in MLS is the greatest gift the league has ever received and people are still somehow complaining about it.,hot_take,
Wenger's 2003-2004 Arsenal is the most technically gifted English league team ever assembled. The Invincibles played football from another planet.,hot_take,
Anyone who says they knew Claudio Ranieri's Leicester would win the league is lying. No one predicted that.,hot_take,
The offside rule is too complicated. Bring back clear daylight offside only. Football was more enjoyable before this obsession with millimeters.,hot_take,
Roberto Carlos had the best left foot in the history of the game. The Cafu cross volley from 1997 is still unmatched.,hot_take,
Mourinho at his peak was the greatest tactician in the world. His 2010 Inter side is the best managed team I've ever watched.,hot_take,
International football is just an obstacle to club football now. The international break ruins rhythm every single time.,hot_take,
Vieira was a better midfielder than Gerrard and the only reason people disagree is English bias.,hot_take,
The Bundesliga's 50+1 ownership rule is the only thing keeping German football authentic. The Premier League sold its soul.,hot_take,
Mbappe at Real Madrid isn't working and it never will. He needs the ball constantly to be effective and Real's system isn't built for that.,hot_take,
The way English pundits talk about Declan Rice shows they don't actually watch football. He's not a defensive midfielder anymore and hasn't been for two seasons.,hot_take,
Pedri is the best young midfielder in the world and it's not close. Bellingham gets the hype because Real Madrid but Pedri is better.,hot_take,
Zlatan Ibrahimovic was the most naturally talented striker of the last 25 years. The trophies reflect the teams not the individual.,hot_take,
The Ballon d'Or should be given to the best player of the calendar year not the best player on the best team. That's why it keeps getting it wrong.,hot_take,
City without Guardiola are going to be average within three years. He's been papering over serious squad depth issues for two seasons.,hot_take,
The best thing about the 2022 World Cup was Morocco. Genuinely uplifting to watch a team play with that level of collective commitment.,hot_take,
Bruno Fernandes gets too much credit for goals and assists and not enough criticism for vanishing in big games.,hot_take,
They've scored AGAIN. I honestly thought we'd held on. This is the worst feeling in football.,reaction,
Just seen the goal. That curve. That placement. That is an absolute masterpiece of a free kick.,reaction,
Booked my flights the moment the draw was made. This game was worth every penny.,reaction,
Three nil down at home to our rivals and I'm watching through my fingers. This is a nightmare.,reaction,
I've never seen our fans so quiet in a home game. The mood is poisonous right now.,reaction,
We won on penalties. I am not okay. That is not okay. I need a lie down.,reaction,
First goal for the new signing and the stadium absolutely erupted. Welcome to the club.,reaction,
Ninety-three minutes. He scored in the ninety-third minute. I have no words.,reaction,
That was a complete non-event of a match. Nil-nil and both teams seemed happy with it. Awful.,reaction,
The away end just went completely wild. Thousands of fans who traveled hours for this moment. Football can be special.,reaction,
Genuinely can't believe what I just watched. That was some of the worst football I've seen from a top-ten team in years.,reaction,
New manager first game. 3-0 win. The atmosphere in the ground was unreal. New era starts here.,reaction,
Conceded in the 89th minute. The exact same thing as last year. This club has a curse.,reaction,
That tackle almost broke his leg and the referee is having a conversation with him. A conversation. Unreal.,reaction,
We don't deserve to be in this league. I'm sorry but that performance was League One standard.,reaction,
Messi just scored a hat trick in the Copa America semi final. I'm watching history happen in real time.,reaction,
Final score 4-4. I don't know how to process what just happened.,reaction,
The manager just got sacked at half time. Half time. I've never seen that before in my life.,reaction,
Our captain just lifted the trophy. I've been waiting 30 years to see this. I'm not embarrassed to say I'm crying.,reaction,
That's it. Relegated. I know it's only football but right now it doesn't feel like that.,reaction,
Kane's movement in behind the City defensive line was exactly what we expected and they still couldn't stop it.,analysis,difficult — reads like analysis but the 'exactly what we expected' framing lacks supporting reasoning; decided analysis because it names a specific tactical mechanism
Ferran Torres' output per 90 when he plays centrally is nearly double his output from the wing. Barca keep playing him wide anyway.,analysis,
The reason Spurs consistently fail in big games isn't mental it's structural — they don't have a midfielder who can control the tempo when the press is being sat off. Without that regulator they become disorganized.,analysis,
Dembele's pressing intensity numbers dropped significantly in the second half of last season. He'd made his mind up he was leaving and Barca's press suffered for it.,analysis,
Ollie Watkins' runs in behind are among the best-timed in the league. His average distance from goal at the moment of contact is lower than any other striker outside the top six.,analysis,
The reason Tottenham's backline gets exposed so often is they press too high for their recovery speed. The gap between their defensive line and midfield becomes enormous when the press is beat.,analysis,
Brighton's recruitment model under Graham Potter and then De Zerbi was to buy players with elite progressive passing and carrying stats in secondary markets. Their xG differential over-performed their wage bill for four seasons running.,analysis,
Kobbie Mainoo's debut season was historically unusual for a midfielder his age — his pass completion under pressure put him in the top 5% of Premier League midfielders despite being 18. Most players need 3-4 years to develop that composure.,analysis,
The reason Atletico are always hard to break down isn't just the low block — it's Simeone's positional discipline in the second phase. After they win the ball they immediately set up compactly before recycling which denies transition opportunities.,analysis,
Cody Gakpo's best position is centrally not wide. His goal contributions from left midfield are good but his numbers playing through the middle for the Netherlands are significantly higher. Liverpool keep playing him out of position.,analysis,
The reason England lost the Euros final in 2021 wasn't the penalties — it was their failure to control the game after going 1-0 up. They sat off Italy gave them time on the ball and invited pressure. The penalty shootout was the consequence not the cause.,analysis,
Bellingham's goal involvement this season drops sharply in games where Real press aggressively — because his energy goes into defensive work and he's less available for the late runs that generate his goals. It's a tactical trade-off Ancelotti makes consciously.,analysis,
The reason Southgate kept playing a 4-3-3 with defensive midfielders is he's terrified of being exposed on the counter — England's center-backs under him have never been reliable in a high line so he sacrifices attacking midfield creativity to protect the back four.,analysis,
Ruben Dias transformed City's defensive record not just because of his individual quality but because he organizes the line vocally and keeps the defensive block compact — their goals against nearly halved in the season he arrived regardless of other changes.,analysis,
Mikel Arteta's Arsenal press in the first press wave but their real defensive strength is their second-phase compactness. When the first press is beaten they drop quickly and maintain their shape which is why they don't give up many chances from sustained pressure.,analysis,
The reason Conte's Spurs worked briefly was his back three solved their historical problem — fullbacks bombing forward leaving space. With wingbacks you get the attacking width but the center-backs hold the defensive shape. When the wingbacks left the system couldn't function.,analysis,
Harvey Elliott's impact at Liverpool comes mostly in tight spaces — his short combination play and ability to play through pressure makes him useful in Klopp's system even though his direct output is modest. He's a circulation player not an output player.,analysis,
Dani Carvajal's average defensive actions per 90 are among the highest for a fullback in La Liga despite his offensive involvement. He's a complete fullback in a way that right-backs get undervalued because the assist numbers don't capture the defensive contribution.,analysis,
West Ham's problems under their last two managers is the same — they're reactive tactically. They adjust to what the opponent does rather than imposing structure and against disciplined teams they have no clear idea of how to create chances.,analysis,
The reason Reece James can't stay fit is the physical demands of the role Pochettino and then Maresca ask him to play — he's essentially a wingback in Chelsea's system even when they play four at the back which means he covers enormous distance both offensively and defensively.,analysis,
Thiago at Liverpool was brilliant on the ball but his injury record meant they never got to see a full season of him doing what he does — his progressive pass numbers in the games he completed were among the highest in Europe for a holding midfielder.,analysis,
GOAL. Oh my god. From 35 yards. Who does that. Who actually does that.,reaction,
I need a VAR check on my emotions right now because I cannot process what just happened.,reaction,
Traveling fans making more noise than the home end. Embarrassing for the home support.,reaction,
Three minutes of added time and we're winning 1-0. I can't breathe.,reaction,
Deleted the app. Not watching. Done.,reaction,
Just saw the lineup and already feel sick. This is going to be a long afternoon.,reaction,
That's a hat trick. A hat trick in a Champions League final. I'm losing my mind.,reaction,
I don't understand how we went from 2-0 up to losing 3-2 in 25 minutes. What happened.,reaction,
Win or lose today I'm just proud of how far this club has come in five years. From League One to this.,reaction,
That's genuinely one of the greatest goals I've ever seen. The audacity of that chip.,reaction,
Starting to actually believe we might do it. Dangerous territory but I can't help it.,reaction,
Five changes at halftime. Five. The manager clearly saw enough.,reaction,
The reason Chelsea have cycled through so many managers since Tuchel is the ownership model — Boehly makes football decisions without a clear sporting director framework. Each manager inherits a squad built for someone else and is judged before they can impose their system.,analysis,
Pedri's pass completion under high pressure is around 87% which is elite for a player who receives between the lines constantly. Most midfielders at that level either avoid the difficult pass or lose it — he takes it and plays through the press.,analysis,
The reason Napoli collapsed the season after their Scudetto was not just losing key players — it was that their pressing model required specific personnel fitness profiles and the replacements weren't calibrated to the same intensity demands. The system degraded gradually.,analysis,
Marcus Rashford scores most of his goals from counter-attack situations — he needs space to run into. When United play possession-based football against a low block his output drops sharply because his movement is designed to exploit space not create it in tight areas.,analysis,
Son Heung-min's goal involvement without Kane dropped to roughly half his per-90 average with Kane — which tells you the relationship was more symbiotic than people credit. Son benefits from Kane's hold-up play and Kane's pressing creating transitions that Son exploits.,analysis,
The reason Declan Rice is more effective at Arsenal than he was at West Ham is pressing context — at West Ham he was defending a mid-block so his energy went into covering ground. At Arsenal the press is triggered higher so he intercepts earlier in the opposition buildup.,analysis,
Ter Stegen's distribution is what makes Barca's buildup possible — his ability to play accurate long balls switches play and bypasses press lines. Keepers who can't do this force their teams into shorter build which is more vulnerable when the pressing team is compact.,analysis,
The reason Jude Bellingham scores so many goals from midfield is his positioning in the final phase — he makes late runs into the box that time the cross or cutback perfectly. Real Madrid deliberately delay wide play to let him arrive which is a system design not just individual brilliance.,analysis,
